"Essay ID","Total number of word types","Total number of word tokens","Essay type/topic","Essay question","Course","L1","CEFR level as per course being studied","Gender","Year of birth",""
"01b.txt","173","352","b","In some countries young people are encouraged to take a gap year (to work or travel for a year) before starting their university studies. Discuss the advantages and disadvantages of this. ","IELTS Preparation","Colombian Spanish","B2","female","1978",""
"02e.txt","153","280","e","Some psychologists have shown that our personality is determined by the characteristics we are born with as opposed to the experiences we have when we are growing up. Which do you consider to be the major influence?
","IELTS Preparation","Colombian Spanish","C1","female","1990",""
"03b.txt","238","456","b","In some countries young people are encouraged to take a gap year (to work or travel for a year) before starting their university studies. Discuss the advantages and disadvantages of this. ","IELTS Preparation","Colombian Spanish","C1","female","1993",""
"04d.txt","174","443","d","Research has shown that ‘human activity has become the greatest threat to our planet’.  
Why do you think this has happened? How can humans reduce their impact on the natural world?
","IELTS Preparation","Colombian Spanish","C1","female","1997",""
"05g.txt","158","288","g","Nowadays technology is increasingly being used to monitor what people are saying and doing (for example, through cellphone tracking and security cameras). In many cases, the people being monitored are unaware that this is happening. Do you think the advantages of this development outweigh the disadvantages?
","IELTS Preparation","Colombian Spanish","B2","female","1994",""
"06d.txt","177","327","d","Research has shown that ‘human activity has become the greatest threat to our planet’.  
Why do you think this has happened? How can humans reduce their impact on the natural world?
","IELTS Preparation","Colombian Spanish","B2","male","1962",""
"07d.txt","165","302","d","Research has shown that ‘human activity has become the greatest threat to our planet’.  
Why do you think this has happened? How can humans reduce their impact on the natural world?
","IELTS Preparation","Colombian Spanish","B2","male","2000",""
"08d.txt","156","302","d","Research has shown that ‘human activity has become the greatest threat to our planet’.  
Why do you think this has happened? How can humans reduce their impact on the natural world?
","IELTS Preparation","Colombian Spanish","C1","female","1989",""
"09d.txt","197","361","d","Research has shown that ‘human activity has become the greatest threat to our planet’.  
Why do you think this has happened? How can humans reduce their impact on the natural world?
","IELTS Preparation","Colombian Spanish","B2","female","1993",""
"10d.txt","128","280","d","Research has shown that ‘human activity has become the greatest threat to our planet’.  
Why do you think this has happened? How can humans reduce their impact on the natural world?
","IELTS Preparation","Colombian Spanish","B1","male","1988",""
"11g.txt","295","592","g","Nowadays technology is increasingly being used to monitor what people are saying and doing (for example, through cellphone tracking and security cameras). In many cases, the people being monitored are unaware that this is happening. Do you think the advantages of this development outweigh the disadvantages?
","IELTS Preparation","Colombian Spanish","B2","female","1977",""
"12i.txt","158","273","i","The responsibility of bringing up children should be shared equally between mother and father. 
To what extent do you agree or disagree?
","IELTS Preparation","Colombian Spanish","B1","female","1994",""
"13c.txt","131","242","c","Some people think that children should be encouraged to use information technology as part of their education. Others believe that technology hinders children’s ability to learn.  
Discuss both these views and give your opinion.
","IELTS Preparation","Colombian Spanish","B2","male","1980",""
"14h.txt","172","358","h","The increase in mobile phone use in recent years has transformed the way we live and communicate with each other. Mobile phones can also be the cause of social or medical problems. Do you think the advantages of mobile phones outweigh the disadvantages? ","IELTS Preparation","Colombian Spanish","B2","male","1987",""
"15b.txt","152","277","b","In some countries young people are encouraged to take a gap year (to work or travel for a year) before starting their university studies. Discuss the advantages and disadvantages of this. 
","IELTS Preparation","Colombian Spanish","B1","male","1979",""
"16g.txt","169","294","g","Nowadays technology is increasingly being used to monitor what people are saying and doing (for example, through cellphone tracking and security cameras). In many cases, the people being monitored are unaware that this is happening. Do you think the advantages of this development outweigh the disadvantages?
","IELTS Preparation","Colombian Spanish","B2","female","1988",""
"17c.txt","162","299","c","Some people think that children should be encouraged to use information technology as part of their education. Others believe that technology hinders children’s ability to learn. Discuss both these views and give your opinion.
","IELTS Preparation","Colombian Spanish","B2","male","1962",""
"18a.txt","142","339","a","In many countries certain jobs are associated with specific genders. Some research studies have demonstrated that women are more skilled at driving than men, so jobs that involve driving vehicles should be exclusively done by women. To what extent do you agree or disagree?
","IELTS Preparation","Colombian Spanish","B2","female","1996",""
"19h.txt","141","280","h","The increase in mobile phone use in recent years has transformed the way we live and communicate with each other. Mobile phones can also be the cause of social or medical problems. Do you think the advantages of mobile phones outweigh the disadvantages? ","IELTS Preparation","Colombian Spanish","C1","male","1989",""
"20k.txt","169","271","k","Most people accept that we now live in a globalised world but not everyone agrees that this is beneficial.
To what extent is globalisation a positive or negative development?
","IELTS Preparation","Colombian Spanish","B2","male","1973",""
"21i.txt","142","378","i","The responsibility of bringing up children should be shared equally between mother and father. 
To what extent do you agree or disagree?
","BA Bilingual Education","Colombian Spanish","C1","female","1992",""
"22f.txt","148","284","f","Some studies have shown that the main reason why people commit crimes is poverty.
To what extent do you agree with this? Are there any other factors that might influence crime in general?
","BA Bilingual Education","Colombian Spanish","B2","male","1998",""
"23a.txt","138","269","a","In many countries certain jobs are associated with specific genders. Some research studies have demonstrated that women are more skilled at driving than men, so jobs that involve driving vehicles should be exclusively done by women. To what extent do you agree or disagree?
","BA Bilingual Education","Colombian Spanish","B1","female","1999",""
"24c.txt","145","252","c","Some people think that children should be encouraged to use information technology as part of their education. Others believe that technology hinders children’s ability to learn. Discuss both these views and give your opinion.
","IELTS Preparation","Colombian Spanish","B2","female","1981",""
"25h.txt","165","382","h","The increase in mobile phone use in recent years has transformed the way we live and communicate with each other. Mobile phones can also be the cause of social or medical problems. Do you think the advantages of mobile phones outweigh the disadvantages? ","IELTS Preparation","Colombian Spanish","B2","female","1983",""
"26h.txt","197","396","h","The increase in mobile phone use in recent years has transformed the way we live and communicate with each other. Mobile phones can also be the cause of social or medical problems. Do you think the advantages of mobile phones outweigh the disadvantages? ","IELTS Preparation","Colombian Spanish","B2","male","1977",""
"27g.txt","145","307","g","Nowadays technology is increasingly being used to monitor what people are saying and doing. In many cases, the people being monitored are unaware that this is happening. Do you think the advantages of this development outweigh the disadvantages?
","General English Intermediate","Colombian Spanish","B1","female","1977",""
"28m.txt","131","292","m","Vaccines should be mandatory by law. Discuss","General English Upper-Intermediate","Colombian Spanish","B2","male","1999",""
"29m.txt","140","283","m","Vaccines should be mandatory by law. Discuss","General English Upper-Intermediate","Colombian Spanish","B2","male","1985",""
"30n.txt","153","336","n","Traffic is a big problem in Bogota. Some say the solution is building a metro and others say we should expand the Transmilenio network instead. Discuss both views and give your opinion. ","General English Upper-Intermediate","Colombian Spanish","B2","female","2000",""
"31n.txt","160","320","n","Traffic is a big problem in Bogota. Some say the solution is building a metro and others say we should expand the Transmilenio network instead. Discuss both views and give your opinion. ","General English Upper-Intermediate","Colombian Spanish","B2","female","1996",""
"32n.txt","149","308","n","Traffic is a big problem in Bogota. Some say the solution is building a metro and others say we should expand the Transmilenio network instead. Discuss both views and give your opinion. ","General English Upper-Intermediate","Colombian Spanish","B2","male","1987",""
"33n.txt","157","357","n","Traffic is a big problem in Bogota. Some say the solution is building a metro and others say we should expand the Transmilenio network instead. Discuss both views and give your opinion. ","General English Upper-Intermediate","Colombian Spanish","B2","female","1998",""
"34n.txt","170","381","n","Traffic is a big problem in Bogota. Some say the solution is building a metro and others say we should expand the Transmilenio network instead. Discuss both views and give your opinion. ","General English Upper-Intermediate","Colombian Spanish","B2","female","1979",""
"35o.txt","143","260","o","Statistics show that Covid-19 is threatening the health of human beings worldwide and the virus is spreading rapidly.  
Why do you think this is happening? How can humans reduce the negative impact this virus is causing?","General English Upper-Intermediate","Colombian Spanish","B2","male","2001",""
"36o.txt","135","277","o","Statistics show that Covid-19 is threatening the health of human beings worldwide and the virus is spreading rapidly.  
Why do you think this is happening? How can humans reduce the negative impact this virus is causing?","General English Upper-Intermediate","Colombian Spanish","B1","female","1986",""
"37o.txt","186","327","o","Statistics show that Covid-19 is threatening the health of human beings worldwide and the virus is spreading rapidly.  
Why do you think this is happening? How can humans reduce the negative impact this virus is causing?","General English Upper-Intermediate","Colombian Spanish","B2","male","1991",""
"38o.txt","138","259","o","Statistics show that Covid-19 is threatening the health of human beings worldwide and the virus is spreading rapidly.  
Why do you think this is happening? How can humans reduce the negative impact this virus is causing?","General English Upper-Intermediate","Colombian Spanish","B1","female","1975",""
"39o.txt","181","380","o","Statistics show that Covid-19 is threatening the health of human beings worldwide and the virus is spreading rapidly.  
Why do you think this is happening? How can humans reduce the negative impact this virus is causing?","General English Upper-Intermediate","Colombian Spanish","B2","female","1987",""
"40o.txt","162","395","o","Statistics show that Covid-19 is threatening the health of human beings worldwide and the virus is spreading rapidly.  
Why do you think this is happening? How can humans reduce the negative impact this virus is causing?","General English Upper-Intermediate","Colombian Spanish","B1","male","1989",""
"41p.txt","160","317","p","In some countries people prefer renting their homes rather than buying them. What are the advantages and disadvantages of renting a home?","IELTS Preparation","Colombian Spanish","C1","male","1999",""
"42p.txt","112","276","p","In some countries people prefer renting their homes rather than buying them. What are the advantages and disadvantages of renting a home?","IELTS Preparation","Colombian Spanish","B1","male","1985",""
"43q.txt","142","329","q","Completing university education is thought by some to be the best way to get a good job. On the other hand, other people think that getting experience and developing soft skills is more important. Discuss both sides and give your opinion.","IELTS Preparation","Colombian Spanish","B1","female","1980",""
"44p.txt","132","267","p","In some countries people prefer renting their homes rather than buying them. What are the advantages and disadvantages of renting a home?","IELTS Preparation","Colombian Spanish","B1","male","1979",""
"45r.txt","125","228","r","Nowadays compulsory military conscription is declining worldwide. Some people say it should be abolished whilst others claim it is necessary. Discuss both views and give our opinion.","IELTS Preparation","Colombian Spanish","B1","male","1981",""
"46r.txt","131","243","r","Nowadays compulsory military conscription is declining worldwide. Some people say it should be abolished whilst others claim it is necessary. Discuss both views and give our opinion.","IELTS Preparation","Colombian Spanish","B1","female","1988",""
"47s.txt","145","284","s","An increasing number of professionals in developing nations are leaving their own countries to work in developed countries. What problems does this cause? What can be done to remedy this situation?","IELTS Preparation","Colombian Spanish","B1","female","1991",""
"48t.txt","190","427","t","Completing university education is thought by some to be the best way to get a good job. On the other hand, other people think that getting experience and developing soft skills is more important. Discuss both side and give your opinion.","IELTS Preparation","Colombian Spanish","C1","female","1990",""
"49p.txt","159","331","p","In some countries people prefer renting their homes rather than buying them. What are the advantages and disadvantages of renting a home?","IELTS Preparation","Colombian Spanish","C1","male","1982",""
"50u.txt","185","359","u","Some people say that rich countries should help poorer countries with food and education. Do you agree or disagree?","IELTS Preparation","Colombian Spanish","C1","male","1995",""
"51s.txt","145","295","s","An increasing number of professionals in developing nations are leaving their own countries to work in developed countries. What problems does this cause? What can be done to remedy this situation?","IELTS Preparation","Colombian Spanish","B1","male","1989",""
"52v.txt","189","347","v","Many people believe that social networking sites have a negative impact on both individuals and society. To what extent do you agree?","General English Upper-Intermediate","Colombian Spanish","B2","male","2000",""
"53t.txt","220","394","t","Both government and individuals are spending vast amounts of money protecting animals and their habitats. This money could be better spent dealing with fundamental issues in society such as poverty and health care. To what extent do you agree?","IELTS Preparation","Colombian Spanish","C1","female","1993",""
"54p.txt","208","431","p","In some countries people prefer renting their homes rather than buying them. What are the advantages and disadvantages of renting a home?","IELTS Preparation","Colombian Spanish","B2","male","1980",""
"55w.txt","177","313","w","Financial education should be a mandatory component of school programs. To what extent do you agree or disagree with this statement?","IELTS Preparation","Colombian Spanish","B1","female","1975",""
"56x.txt","197","371","x","Some people think that a sense of competition in children should be encouraged. Others believe that children who are taught to co-operate rather than compete become more useful adults. Discuss both these views and give your own opinion.","IELTS Preparation","Colombian Spanish","B2","male","1999",""
"57s.txt","168","336","s","An increasing number of professionals in developing nations are leaving their own countries to work in developed countries. What problems does this cause? What can be done to remedy this situation?","IELTS Preparation","Colombian Spanish","B1","female","2001",""
"58q.txt","191","356","q","Completing university education is thought by some to be the best way to get a good job. On the other hand, other people think that getting experience and developing soft skills is more important. Discuss both sides and give your opinion.","IELTS Preparation","Colombian Spanish","B2","male","1981",""
"59l.txt","128","259","l","Some people believe that in a domestic context dogs are better pets than cats. Others believe the opposite.  
Discuss both these views and give your opinion.
","General English Intermediate","Colombian Spanish","B1","female","1989",""
"60e.txt","124","245","e","Some psychologists have shown that our personality is determined by the characteristics we are born with as opposed to the experiences we have when we are growing up. Which do you consider to be the major influence?
","General English Intermediate","Colombian Spanish","B1","female","1988",""
"61b.txt","183","418","b","In some countries young people are encouraged to take a gap year (to work or travel for a year) before starting their university studies. Discuss the advantages and disadvantages of this. 
","IELTS Preparation","Colombian Spanish","C1","male","1999",""
"62e.txt","155","292","e","Some psychologists have shown that our personality is determined by the characteristics we are born with as opposed to the experiences we have when we are growing up. Which do you consider to be the major influence?
","General English Intermediate","Colombian Spanish","B1","female","1984",""
"63i.txt","136","271","i","The responsibility of bringing up children should be shared equally between mother and father. 
To what extent do you agree or disagree?
","General English Upper-Intermediate","Colombian Spanish","B2","female","1980",""
"64e.txt","146","310","e","Some psychologists have shown that our personality is determined by the characteristics we are born with as opposed to the experiences we have when we are growing up. Which do you consider to be the major influence?
","Skills Upper-Intermediate","Colombian Spanish","B2","female","1951",""
"65g.txt","208","413","g","Nowadays technology is increasingly being used to monitor what people are saying and doing. In many cases, the people being monitored are unaware that this is happening. Do you think the advantages of this development outweigh the disadvantages?
","General English Upper-Intermediate","Colombian Spanish","B2","male","1986",""
"66k.txt","169","264","k","Most people accept that we now live in a globalised world but not everyone agrees that this is beneficial.
To what extent is globalisation a positive or negative development?
","General English Upper-Intermediate","Colombian Spanish","B2","female","1989",""
"67j.txt","298","587","j","Some people think that genetic engineering is a positive development. Others believe that genetic engineering is a dangerous trend that should be limited. Discuss both these views and give your opinion.
","General English Advanced","Colombian Spanish","C1","female","1964",""
"68h.txt","259","544","h","The increase in mobile phone use in recent years has transformed the way we live and communicate with each other. Mobile phones can also be the cause of social or medical problems. Do you think the advantages of mobile phones outweigh the disadvantages? ","General English Advanced","Colombian Spanish","C1","male","1980",""
"69i.txt","136","260","i","The responsibility of bringing up children should be shared equally between mother and father. 
To what extent do you agree or disagree?
","General English Upper-Intermediate","Colombian Spanish","B2","male","1992",""
"70f.txt","147","250","f","Some studies have shown that the main reason why people commit crimes is poverty.
To what extent do you agree with this? Are there any other factors that might influence crime in general?
","Skills Upper-Intermediate","Colombian Spanish","C1","female","1983",""
"71j.txt","200","407","j","Some people think that genetic engineering is a positive development. Others believe that genetic engineering is a dangerous trend that should be limited. Discuss both these views and give your opinion.
","IELTS Preparation","Colombian Spanish","C1","male","1992",""
"72c.txt","141","319","c","Some people think that children should be encouraged to use information technology as part of their education. Others believe that technology hinders children’s ability to learn. Discuss both these views and give your opinion.
","Skills Upper-Intermediate","Colombian Spanish","B2","female","1991",""
"73a.txt","141","280","a","In many countries certain jobs are associated with specific genders. Some research studies have demonstrated that women are more skilled at driving than men, so jobs that involve driving vehicles should be exclusively done by women. To what extent do you agree or disagree?
","Skills Upper-Intermediate","Colombian Spanish","B2","female","1990",""
"74f.txt","157","294","f","Some studies have shown that the main reason why people commit crimes is poverty.
To what extent do you agree with this? Are there any other factors that might influence crime in general?
","General English Upper-Intermediate","Colombian Spanish","B2","female","1994",""
"75f.txt","160","359","f","Some studies have shown that the main reason why people commit crimes is poverty.
To what extent do you agree with this? Are there any other factors that might influence crime in general?
","General English Advanced","Colombian Spanish","C1","female","1981",""
"76f.txt","135","265","f","Some studies have shown that the main reason why people commit crimes is poverty.
To what extent do you agree with this? Are there any other factors that might influence crime in general?
","General English Intermediate","Colombian Spanish","B1","female","1998",""
"77j.txt","113","202","j","Some people think that genetic engineering is a positive development. Others believe that genetic engineering is a dangerous trend that should be limited. Discuss both these views and give your opinion.
","General English Intermediate","Colombian Spanish","B1","female","1987",""
"78x.txt","160","340","x","Some people think that a sense of competition in children should be encouraged. Others believe that children who are taught to co-operate rather than compete become more useful adults. Discuss both these views and give your own opinion.","Skills Upper-Intermediate","Colombian Spanish","B2","female","2000",""
"79h.txt","191","353","h","The increase in mobile phone use in recent years has transformed the way we live and communicate with each other. Mobile phones can also be the cause of social or medical problems. Do you think the advantages of mobile phones outweigh the disadvantages? ","Skills Upper-Intermediate","Colombian Spanish","B2","male","1985",""
"80g.txt","182","338","g","Nowadays technology is increasingly being used to monitor what people are saying and doing. In many cases, the people being monitored are unaware that this is happening. Do you think the advantages of this development outweigh the disadvantages?
","General English Advanced","Colombian Spanish","B2","female","1985",""
"81za.txt","255","556","za","Nowadays, many young people in developing countries decide to study abroad and never go back home. This puts pressure on the skilled workforce that these countries have. What can governments do to avoid this situation?  ","IELTS Preparation","Colombian Spanish","C1","male","1981",""
"82y.txt","139","317","y","Universities should accept equal numbers of male and female students in every subject.
To what extent do you agree or disagree?","General English Upper-Intermediate","Colombian Spanish","B2","male","1986",""
"83q.txt","133","259","q","Completing university education is thought by some to be the best way to get a good job. On the other hand, other people think that getting experience and developing soft skills is more important. Discuss both sides and give your opinion.","General English Intermediate","Colombian Spanish","B1","female","1983",""
"84j.txt","149","324","j","Some people think that genetic engineering is a positive development. Others believe that genetic engineering is a dangerous trend that should be limited. Discuss both these views and give your opinion.
","General English Intermediate","Colombian Spanish","B1","male","1984",""
"85z.txt","146","277","z","As most people spend a major part of their adult life at work, job satisfaction is an important element of individual wellbeing. What factors contribute to job satisfaction? How realistic is the expectation of job satisfaction for all workers?","IELTS Preparation","Colombian Spanish","B2","female","1988",""
"86w.txt","133","270","w","Financial education should be a mandatory component of school programs. To what extent do you agree or disagree with this statement?","General English Upper-Intermediate","Colombian Spanish","B2","male","1994",""
"87x.txt","135","254","x","Some people think that a sense of competition in children should be encouraged. Others believe that children who are taught to co-operate rather than compete become more useful adults. Discuss both these views and give your own opinion.","English Composition part of BA Studies","Colombian Spanish","C1","female","1999",""
"88u.txt","158","274","u","Some people say that rich countries should help poorer countries with food and education. Do you agree or disagree?","English Composition part of BA Studies","Colombian Spanish","B2","male","1997",""
"89y.txt","137","262","y","Universities should accept equal numbers of male and female students in every subject.
To what extent do you agree or disagree?","English Composition part of BA Studies","Colombian Spanish","B2","female","1999",""
"90p.txt","195","432","p","In some countries people prefer renting their homes rather than buying them. What are the advantages and disadvantages of renting a home?","English Composition part of BA Studies","Colombian Spanish","B2","female","1993",""
"91w.txt","147","263","w","Financial education should be a mandatory component of school programs. To what extent do you agree or disagree with this statement?","English Composition part of BA Studies","Colombian Spanish","C1","female","1978",""
"92w.txt","125","271","w","Financial education should be a mandatory component of school programs. To what extent do you agree or disagree with this statement?","BA Bilingual Education","Colombian Spanish","B2","female","1996",""
"93y.txt","122","282","y","Universities should accept equal numbers of male and female students in every subject.
To what extent do you agree or disagree?","English Composition part of BA Studies","Colombian Spanish","B2","female ","1989",""
"94v.txt","216","483","v","Many people believe that social networking sites have a negative impact on both individuals and society. To what extent do you agree?","English Composition part of BA Studies","Colombian Spanish","B2","male","1997",""
"95za.txt","148","305","za","Nowadays, many young people in developing countries decide to study abroad and never go back home. This puts pressure on the skilled workforce that these countries have. What can governments do to avoid this situation?  ","English Composition part of BA Studies","Colombian Spanish","B2","male","1985",""
"96q.txt","193","443","q","Completing university education is thought by some to be the best way to get a good job. On the other hand, other people think that getting experience and developing soft skills is more important. Discuss both sides and give your opinion.","English Composition part of BA Studies","Colombian Spanish","B2","female","1999",""
"97y.txt","245","462","y","Universities should accept equal numbers of male and female students in every subject.
To what extent do you agree or disagree?","English Composition part of BA Studies","Colombian Spanish","C1","female","2000",""
"98t.txt","128","252","t","Both government and individuals are spending vast amounts of money protecting animals and their habitats. This money could be better spent dealing with fundamental issues in society such as poverty and health care. To what extent do you agree?","English Composition part of BA Studies","Colombian Spanish","B1","female","1998",""
"99r.txt","246","491","r","Nowadays compulsory military conscription is declining worldwide. Some people say it should be abolished whilst others claim it is necessary. Discuss both views and give our opinion.","English Composition part of BA Studies","Colombian Spanish","B2","female","2000",""
"100f.txt","162","312","f","Some studies have shown that the main reason why people commit crimes is poverty.
To what extent do you agree with this? Are there any other factors that might influence crime in general?
","English Composition part of BA Studies","Colombian Spanish","B2","male","1985",""
"101f.txt","106","192","f","Some studies have shown that the main reason why people commit crimes is poverty.
To what extent do you agree with this? Are there any other factors that might influence crime in general?
","General English Pre-Intermediate","Colombian Spanish","A2","female","1980",""
"102m.txt","137","215","m","Vaccines should be mandatory by law. Discuss","General English Pre-Intermediate","Colombian Spanish","A2","male","1985",""
"103za.txt","135","286","za","Nowadays, many young people in developing countries decide to study abroad and never go back home. This puts pressure on the skilled workforce that these countries have. What can governments do to avoid this situation?  ","General English Pre-Intermediate","Colombian Spanish","A2","male","1979",""
"104z.txt","133","243","z","As most people spend a major part of their adult life at work, job satisfaction is an important element of individual wellbeing. What factors contribute to job satisfaction? How realistic is the expectation of job satisfaction for all workers?","General English Pre-Intermediate","Colombian Spanish","A2","male","1977",""
"105u.txt","133","232","u","Some people say that rich countries should help poorer countries with food and education. Do you agree or disagree?","General English Pre-Intermediate","Colombian Spanish","A2","female","1963",""
"106p.txt","123","258","p","In some countries people prefer renting their homes rather than buying them. What are the advantages and disadvantages of renting a home?","General English Pre-Intermediate","Colombian Spanish","A2","female","1967",""
"107x.txt","94","202","x","Some people think that a sense of competition in children should be encouraged. Others believe that children who are taught to co-operate rather than compete become more useful adults. Discuss both these views and give your own opinion.","General English Pre-Intermediate","Colombian Spanish","A2","female","1994",""
"108d.txt","154","263","d","Research has shown that ‘human activity has become the greatest threat to our planet’.  
Why do you think this has happened? How can humans reduce their impact on the natural world?
","General English Pre-Intermediate","Colombian Spanish","A2","female","1986",""
"109e.txt","185","320","e","Some psychologists have shown that our personality is determined by the characteristics we are born with as opposed to the experiences we have when we are growing up. Which do you consider to be the major influence?
","IELTS Preparation","Colombian Spanish","C1","male","1987",""
"110i.txt","114","225","i","The responsibility of bringing up children should be shared equally between mother and father. 
To what extent do you agree or disagree?
","IELTS Preparation","Colombian Spanish","B2","male","2000",""
"111g.txt","137","255","g","Nowadays technology is increasingly being used to monitor what people are saying and doing. In many cases, the people being monitored are unaware that this is happening. Do you think the advantages of this development outweigh the disadvantages?
","IELTS Preparation","Colombian Spanish","B2","male","1972",""
"112q.txt","175","340","q","Completing university education is thought by some to be the best way to get a good job. On the other hand, other people think that getting experience and developing soft skills is more important. Discuss both sides and give your opinion.","IELTS Preparation","Colombian Spanish","B2","female","1979",""
"113b.txt","157","272","b","In some countries young people are encouraged to take a gap year (to work or travel for a year) before starting their university studies. Discuss the advantages and disadvantages of this. 
","IELTS Preparation","Colombian Spanish","B2","female","1992",""
"114f.txt","187","326","f","Some studies have shown that the main reason why people commit crimes is poverty.
To what extent do you agree with this? Are there any other factors that might influence crime in general?
","IELTS Preparation","Colombian Spanish","C1","female","1997",""
"115j.txt","249","457","j","Some people think that genetic engineering is a positive development. Others believe that genetic engineering is a dangerous trend that should be limited. Discuss both these views and give your opinion.
","IELTS Preparation","Colombian Spanish","C1","male","1991",""
"116a.txt","205","379","a","In many countries certain jobs are associated with specific genders. Some research studies have demonstrated that women are more skilled at driving than men, so jobs that involve driving vehicles should be exclusively done by women. To what extent do you agree or disagree?
","IELTS Preparation","Colombian Spanish","B2","female","1992",""
"117h.txt","161","286","h","The increase in mobile phone use in recent years has transformed the way we live and communicate with each other. Mobile phones can also be the cause of social or medical problems. Do you think the advantages of mobile phones outweigh the disadvantages? ","IELTS Preparation","Colombian Spanish","B1","female","1981",""
"118r.txt","151","287","r","Nowadays compulsory military conscription is declining worldwide. Some people say it should be abolished whilst others claim it is necessary. Discuss both views and give our opinion.","IELTS Preparation","Colombian Spanish","B2","male","1985",""
"119t.txt","151","338","t","Both government and individuals are spending vast amounts of money protecting animals and their habitats. This money could be better spent dealing with fundamental issues in society such as poverty and health care. To what extent do you agree?","IELTS Preparation","Colombian Spanish","B2","female","1988",""
"120s.txt","186","346","s","An increasing number of professionals in developing nations are leaving their own countries to work in developed countries. What problems does this cause? What can be done to remedy this situation?","IELTS Preparation","Colombian Spanish","B2","female","2001",""
"121v.txt","138","288","v","Many people believe that social networking sites have a negative impact on both individuals and society. To what extent do you agree?","General English Intermediate","Colombian Spanish","B1","male","1979",""
"122o.txt","212","420","o","Statistics show that Covid-19 is threatening the health of human beings worldwide and the virus is spreading rapidly.  
Why do you think this is happening? How can humans reduce the negative impact this virus is causing?","General English Intermediate","Colombian Spanish","B1","male","1982",""
"123p.txt","121","247","p","In some countries people prefer renting their homes rather than buying them. What are the advantages and disadvantages of renting a home?","General English Intermediate","Colombian Spanish","B1","female","1980",""
"124s.txt","132","255","s","An increasing number of professionals in developing nations are leaving their own countries to work in developed countries. What problems does this cause? What can be done to remedy this situation?","General English Intermediate","Colombian Spanish","B1","female","1999",""
"125u.txt","166","257","u","Some people say that rich countries should help poorer countries with food and education. Do you agree or disagree?","General English Intermediate","Colombian Spanish","B1","female","1992",""
"126q.txt","150","266","q","Completing university education is thought by some to be the best way to get a good job. On the other hand, other people think that getting experience and developing soft skills is more important. Discuss both sides and give your opinion.","General English Intermediate","Colombian Spanish","B1","female","1982",""
"127r.txt","196","367","r","Nowadays compulsory military conscription is declining worldwide. Some people say it should be abolished whilst others claim it is necessary. Discuss both views and give our opinion.","General English Intermediate","Colombian Spanish","B1","male","1988",""
"128v.txt","126","272","v","Many people believe that social networking sites have a negative impact on both individuals and society. To what extent do you agree?","General English Intermediate","Colombian Spanish","B1","male","1978",""
"129k.txt","144","256","k","Most people accept that we now live in a globalised world but not everyone agrees that this is beneficial.
To what extent is globalisation a positive or negative development?
","General English Pre-Intermediate","Colombian Spanish","A2","male","1988",""
"130g.txt","135","283","g","Nowadays technology is increasingly being used to monitor what people are saying and doing. In many cases, the people being monitored are unaware that this is happening. Do you think the advantages of this development outweigh the disadvantages?
","General English Pre-Intermediate","Colombian Spanish","A2","female","1991",""
"131b.txt","162","280","b","In some countries young people are encouraged to take a gap year (to work or travel for a year) before starting their university studies. Discuss the advantages and disadvantages of this. 
","General English Pre-Intermediate","Colombian Spanish","A2","male","1970",""
"132f.txt","152","274","f","Some studies have shown that the main reason why people commit crimes is poverty.
To what extent do you agree with this? Are there any other factors that might influence crime in general?
","General English Pre-Intermediate","Colombian Spanish","A2","female","1983",""
"133c.txt","147","242","c","Some people think that children should be encouraged to use information technology as part of their education. Others believe that technology hinders children’s ability to learn. Discuss both these views and give your opinion.
","General English Pre-Intermediate","Colombian Spanish","A2","female","2001",""
"134e.txt","118","247","e","Some psychologists have shown that our personality is determined by the characteristics we are born with as opposed to the experiences we have when we are growing up. Which do you consider to be the major influence?
","General English Pre-Intermediate","Colombian Spanish","A2","female","1987",""
"135a.txt","90","149","a","In many countries certain jobs are associated with specific genders. Some research studies have demonstrated that women are more skilled at driving than men, so jobs that involve driving vehicles should be exclusively done by women. To what extent do you agree or disagree?
","General English Pre-Intermediate","Colombian Spanish","A2","female","1980",""
"136h.txt","109","180","h","The increase in mobile phone use in recent years has transformed the way we live and communicate with each other. Mobile phones can also be the cause of social or medical problems. Do you think the advantages of mobile phones outweigh the disadvantages? ","General English Pre-Intermediate","Colombian Spanish","A2","male","1989",""
"137j.txt","169","304","j","Some people think that genetic engineering is a positive development. Others believe that genetic engineering is a dangerous trend that should be limited. Discuss both these views and give your opinion.
","General English Pre-Intermediate","Colombian Spanish","A2","male","1972",""
"138i.txt","120","249","i","The responsibility of bringing up children should be shared equally between mother and father. 
To what extent do you agree or disagree?
","General English Pre-Intermediate","Colombian Spanish","A2","female","1991",""
"139p.txt","142","296","p","In some countries people prefer renting their homes rather than buying them. What are the advantages and disadvantages of renting a home?","General English Pre-Intermediate","Colombian Spanish","A2","female","1987",""
"140i.txt","95","181","i","The responsibility of bringing up children should be shared equally between mother and father. 
To what extent do you agree or disagree?
","General English Pre-Intermediate","Colombian Spanish","A2","female","1975",""
"141b.txt","120","253","b","In some countries young people are encouraged to take a gap year (to work or travel for a year) before starting their university studies. Discuss the advantages and disadvantages of this. 
","General English Pre-Intermediate","Colombian Spanish","A2","female","1979",""
"142b.txt","138","284","b","In some countries young people are encouraged to take a gap year (to work or travel for a year) before starting their university studies. Discuss the advantages and disadvantages of this. 
","General English Pre-Intermediate","Colombian Spanish","A2","female","1982",""
"143i.txt","140","258","i","The responsibility of bringing up children should be shared equally between mother and father. 
To what extent do you agree or disagree?
","General English Pre-Intermediate","Colombian Spanish","A2","female","1989",""
"144m.txt","122","259","m","Vaccines should be mandatory by law. Discuss","General English Pre-Intermediate","Colombian Spanish","A2","female","1982",""
"145b.txt","99","183","b","In some countries young people are encouraged to take a gap year (to work or travel for a year) before starting their university studies. Discuss the advantages and disadvantages of this. 
","General English Pre-Intermediate","Colombian Spanish","A2","female","1982",""
"146s.txt","126","258","s","An increasing number of professionals in developing nations are leaving their own countries to work in developed countries. What problems does this cause? What can be done to remedy this situation?","General English Pre-Intermediate","Colombian Spanish","A2","male","1990",""
"147k.txt","157","337","k","Most people accept that we now live in a globalised world but not everyone agrees that this is beneficial.
To what extent is globalisation a positive or negative development?
","General English Pre-Intermediate","Colombian Spanish","A2","male","1998",""
"148f.txt","144","259","f","Some studies have shown that the main reason why people commit crimes is poverty.
To what extent do you agree with this? Are there any other factors that might influence crime in general?
","General English Pre-Intermediate","Colombian Spanish","A2","female","1982",""
"149m.txt","161","344","m","Vaccines should be mandatory by law. Discuss","General English Pre-Intermediate","Colombian Spanish","A2","male","2003",""
"150c.txt","104","197","c","Some people think that children should be encouraged to use information technology as part of their education. Others believe that technology hinders children’s ability to learn. Discuss both these views and give your opinion.
","General English Pre-Intermediate","Colombian Spanish","A2","female","1985",""
"151w.txt","144","276","w","Financial education should be a mandatory component of school programs. To what extent do you agree or disagree with this statement?","General English Pre-Intermediate","Colombian Spanish","A2","female","1976",""
"152s.txt","125","231","s","An increasing number of professionals in developing nations are leaving their own countries to work in developed countries. What problems does this cause? What can be done to remedy this situation?","General English Pre-Intermediate","Colombian Spanish","A2","female","1963",""
"153y.txt","149","306","y","Universities should accept equal numbers of male and female students in every subject.
To what extent do you agree or disagree?","General English Pre-Intermediate","Colombian Spanish","A2","female","1979",""
"154r.txt","60","114","r","Nowadays compulsory military conscription is declining worldwide. Some people say it should be abolished whilst others claim it is necessary. Discuss both views and give our opinion.","General English Pre-Intermediate","Colombian Spanish","A2","male","1986",""
"155zb.txt","153","255","zb","What difficulties do people encounter when they are learning a foreign language? What can foreign language students do to overcome these difficulties? Discuss and give your opinion.","General English Pre-Intermediate","Colombian Spanish","A2","female","1969",""
"156s.txt","78","112","s","An increasing number of professionals in developing nations are leaving their own countries to work in developed countries. What problems does this cause? What can be done to remedy this situation?","General English Pre-Intermediate","Colombian Spanish","A2","female","1995",""
"157v.txt","235","442","v","Many people believe that social networking sites have a negative impact on both individuals and society. To what extent do you agree?","General English Pre-Intermediate","Colombian Spanish","A2","female","1992",""
"158zb.txt","152","285","zb","What difficulties do people encounter when they are learning a foreign language? What can foreign language students do to overcome these difficulties? Discuss and give your opinion.","General English Intermediate","Colombian Spanish","B1","male","2000",""
"159j.txt","143","247","j","Some people think that genetic engineering is a positive development. Others believe that genetic engineering is a dangerous trend that should be limited. Discuss both these views and give your opinion.
","General English Pre-Intermediate","Colombian Spanish","A2","female","1991",""
"160v.txt","193","388","v","Many people believe that social networking sites have a negative impact on both individuals and society. To what extent do you agree?","General English Pre-Intermediate","Colombian Spanish","A2","female","1981",""
"161e.txt","167","327","e","Some psychologists have shown that our personality is determined by the characteristics we are born with as opposed to the experiences we have when we are growing up. Which do you consider to be the major influence?
","General English Intermediate","Colombian Spanish","B1","female","1994",""
"162zb.txt","125","317","zb","What difficulties do people encounter when they are learning a foreign language? What can foreign language students do to overcome these difficulties? Discuss and give your opinion.","General English Intermediate","Colombian Spanish","B1","male","1997",""
"163e.txt","177","360","e","Some psychologists have shown that our personality is determined by the characteristics we are born with as opposed to the experiences we have when we are growing up. Which do you consider to be the major influence?
","General English Intermediate","Colombian Spanish","B1","male","1983",""
"164zb.txt","153","318","zb","What difficulties do people encounter when they are learning a foreign language? What can foreign language students do to overcome these difficulties? Discuss and give your opinion.","General English Intermediate","Colombian Spanish","B1","male","1998",""
"165zb.txt","177","413","zb","What difficulties do people encounter when they are learning a foreign language? What can foreign language students do to overcome these difficulties? Discuss and give your opinion.","General English Intermediate","Colombian Spanish","B1","female","1998",""
"166e.txt","126","266","e","Some psychologists have shown that our personality is determined by the characteristics we are born with as opposed to the experiences we have when we are growing up. Which do you consider to be the major influence?
","General English Intermediate","Colombian Spanish","B1","male","1993",""
"167u.txt","160","303","u","Some people say that rich countries should help poorer countries with food and education. Do you agree or disagree?","General English Intermediate","Colombian Spanish","B1","male","1977",""
"168x.txt","123","281","x","Some people think that a sense of competition in children should be encouraged. Others believe that children who are taught to co-operate rather than compete become more useful adults. Discuss both these views and give your own opinion.","General English Intermediate","Colombian Spanish","B1","female","1988",""
"169t.txt","123","259","t","Both government and individuals are spending vast amounts of money protecting animals and their habitats. This money could be better spent dealing with fundamental issues in society such as poverty and health care. To what extent do you agree?","General English Pre-Intermediate","Colombian Spanish","A2","female","1981",""
"170e.txt","122","253","e","Some psychologists have shown that our personality is determined by the characteristics we are born with as opposed to the experiences we have when we are growing up. Which do you consider to be the major influence?
","General English Pre-Intermediate","Colombian Spanish","A2","female","1996",""
"171b.txt","125","253","b","In some countries young people are encouraged to take a gap year (to work or travel for a year) before starting their university studies. Discuss the advantages and disadvantages of this. 
","General English Pre-Intermediate","Colombian Spanish","A2","male","1981",""
"172x.txt","139","288","x","Some people think that a sense of competition in children should be encouraged. Others believe that children who are taught to co-operate rather than compete become more useful adults. Discuss both these views and give your own opinion.","General English Pre-Intermediate","Colombian Spanish","A2","male","2000",""
"173c.txt","244","463","c","Some people think that children should be encouraged to use information technology as part of their education. Others believe that technology hinders children’s ability to learn. Discuss both these views and give your opinion.
","General English Advanced","Colombian Spanish","C1","female","1996",""
"174v.txt","156","270","v","Many people believe that social networking sites have a negative impact on both individuals and society. To what extent do you agree?","General English Pre-Intermediate","Colombian Spanish","A2","male","1991",""
"175n.txt","150","351","n","Traffic is a big problem in Bogota. Some say the solution is building a metro and others say we should expand the Transmilenio network instead. Discuss both views and give your opinion. ","General English Pre-Intermediate","Colombian Spanish","A2","male","2003",""
"176m.txt","188","395","m","Vaccines should be mandatory by law. Discuss","General English Pre-Intermediate","Colombian Spanish","A2","male","1994",""
"177r.txt","117","223","r","Nowadays compulsory military conscription is declining worldwide. Some people say it should be abolished whilst others claim it is necessary. Discuss both views and give our opinion.","General English Pre-Intermediate","Colombian Spanish","A2","female","1980",""
"178a.txt","124","277","a","In many countries certain jobs are associated with specific genders. Some research studies have demonstrated that women are more skilled at driving than men, so jobs that involve driving vehicles should be exclusively done by women. To what extent do you agree or disagree?
","General English Pre-Intermediate","Colombian Spanish","A2","male","1986",""
"179za.txt","199","431","za","Nowadays, many young people in developing countries decide to study abroad and never go back home. This puts pressure on the skilled workforce that these countries have. What can governments do to avoid this situation?  ","General English Pre-Intermediate","Colombian Spanish","A2","male","1997",""
"180k.txt","174","297","k","Most people accept that we now live in a globalised world but not everyone agrees that this is beneficial.
To what extent is globalisation a positive or negative development?
","General English Pre-Intermediate","Colombian Spanish","A2","female","1982",""
"181w.txt","105","261","w","Financial education should be a mandatory component of school programs. To what extent do you agree or disagree with this statement?","General English Pre-Intermediate","Colombian Spanish","A2","male","1984",""
"182b.txt","151","341","b","In some countries young people are encouraged to take a gap year (to work or travel for a year) before starting their university studies. Discuss the advantages and disadvantages of this. 
","General English Pre-Intermediate","Colombian Spanish","A2","female","1998",""
"183j.txt","128","243","j","Some people think that genetic engineering is a positive development. Others believe that genetic engineering is a dangerous trend that should be limited. Discuss both these views and give your opinion.
","General English Pre-Intermediate","Colombian Spanish","A2","male","1982",""
"184f.txt","122","254","f","Some studies have shown that the main reason why people commit crimes is poverty.
To what extent do you agree with this? Are there any other factors that might influence crime in general?
","General English Pre-Intermediate","Colombian Spanish","A2","female","1994",""
"185q.txt","183","335","q","Completing university education is thought by some to be the best way to get a good job. On the other hand, other people think that getting experience and developing soft skills is more important. Discuss both sides and give your opinion.","General English Pre-Intermediate","Colombian Spanish","A2","female","1980",""
"186zc.txt","142","269","zc","There are too many reality shows on TV nowadays. Do you agree or disagree?","General English Pre-Intermediate","Colombian Spanish","A2","female","1991",""
"187zc.txt","160","285","zc","There are too many reality shows on TV nowadays. Do you agree or disagree?","General English Pre-Intermediate","Colombian Spanish","A2","female","1990",""
"188zc.txt","129","242","zc","There are too many reality shows on TV nowadays. Do you agree or disagree?","General English Pre-Intermediate","Colombian Spanish","A2","male","1999",""
"189zc.txt","132","266","zc","There are too many reality shows on TV nowadays. Do you agree or disagree?","General English Pre-Intermediate","Colombian Spanish","A2","male","2001",""
"190zc.txt","124","232","zc","There are too many reality shows on TV nowadays. Do you agree or disagree?","General English Pre-Intermediate","Colombian Spanish","A2","female","1979",""
"191zc.txt","120","243","zc","There are too many reality shows on TV nowadays. Do you agree or disagree?","General English Pre-Intermediate","Colombian Spanish","A2","male","1982",""
"192zc.txt","135","226","zc","There are too many reality shows on TV nowadays. Do you agree or disagree?","General English Pre-Intermediate","Colombian Spanish","A2","male","1997",""
"193a.txt","177","476","a","In many countries certain jobs are associated with specific genders. Some research studies have demonstrated that women are more skilled at driving than men, so jobs that involve driving vehicles should be exclusively done by women. To what extent do you agree or disagree?
","General English Upper-Intermediate","Colombian Spanish","B2","male","1993",""
"194g.txt","150","286","g","Nowadays technology is increasingly being used to monitor what people are saying and doing. In many cases, the people being monitored are unaware that this is happening. Do you think the advantages of this development outweigh the disadvantages?
","General English Upper-Intermediate","Colombian Spanish","B2","female","1987",""
"195w.txt","171","292","w","Financial education should be a mandatory component of school programs. To what extent do you agree or disagree with this statement?","General English Upper-Intermediate","Colombian Spanish","B2","female","1985",""
"196i.txt","119","252","i","The responsibility of bringing up children should be shared equally between mother and father. 
To what extent do you agree or disagree?
","General English Upper-Intermediate","Colombian Spanish","B2","female","1980",""
"197zb.txt","155","260","zb","What difficulties do people encounter when they are learning a foreign language? What can foreign language students do to overcome these difficulties? Discuss and give your opinion.","General English Upper-Intermediate","Colombian Spanish","B2","female","1985",""
"198za.txt","138","261","za","Nowadays, many young people in developing countries decide to study abroad and never go back home. This puts pressure on the skilled workforce that these countries have. What can governments do to avoid this situation?  ","General English Upper-Intermediate","Colombian Spanish","B2","male","1988",""
"199y.txt","159","379","y","Universities should accept equal numbers of male and female students in every subject.
To what extent do you agree or disagree?","General English Upper-Intermediate","Colombian Spanish","B2","male","1996",""
"200m.txt","274","576","m","Vaccines should be mandatory by law. Discuss","General English Upper-Intermediate","Colombian Spanish","B2","female","1979",""
"201z.txt","212","388","z","As most people spend a major part of their adult life at work, job satisfaction is an important element of individual wellbeing. What factors contribute to job satisfaction? How realistic is the expectation of job satisfaction for all workers?","General English Upper-Intermediate","Colombian Spanish","B2","female","1987",""
"202b.txt","130","285","b","In some countries young people are encouraged to take a gap year (to work or travel for a year) before starting their university studies. Discuss the advantages and disadvantages of this. 
","General English Upper-Intermediate","Colombian Spanish","B2","male","1977",""
"203x.txt","199","382","x","Some people think that a sense of competition in children should be encouraged. Others believe that children who are taught to co-operate rather than compete become more useful adults. Discuss both these views and give your own opinion.","General English Upper-Intermediate","Colombian Spanish","B2","male","1981",""
"204c.txt","132","266","c","Some people think that children should be encouraged to use information technology as part of their education. Others believe that technology hinders children’s ability to learn. Discuss both these views and give your opinion.
","General English Upper-Intermediate","Colombian Spanish","B2","male","1986",""
"205v.txt","260","544","v","Many people believe that social networking sites have a negative impact on both individuals and society. To what extent do you agree?","General English Upper-Intermediate","Colombian Spanish","B2","female","2000",""
"206j.txt","156","277","j","Some people think that genetic engineering is a positive development. Others believe that genetic engineering is a dangerous trend that should be limited. Discuss both these views and give your opinion.
","General English Pre-Intermediate","Colombian Spanish","A2","male","1984",""
"207l.txt","84","145","l","Some people believe that in a domestic context dogs are better pets than cats. Others believe the opposite.  
Discuss both these views and give your opinion.
","General English Pre-Intermediate","Colombian Spanish","A2","female","1979",""
"208k.txt","138","253","k","Most people accept that we now live in a globalised world but not everyone agrees that this is beneficial.
To what extent is globalisation a positive or negative development?
","General English Pre-Intermediate","Colombian Spanish","A2","male","1992",""
"209r.txt","117","229","r","Nowadays compulsory military conscription is declining worldwide. Some people say it should be abolished whilst others claim it is necessary. Discuss both views and give our opinion.","General English Pre-Intermediate","Colombian Spanish","A2","female","1976",""
"210i.txt","139","245","i","The responsibility of bringing up children should be shared equally between mother and father. 
To what extent do you agree or disagree?
","General English Advanced","Colombian Spanish","C1","male","1993",""
"211j.txt","183","296","j","Some people think that genetic engineering is a positive development. Others believe that genetic engineering is a dangerous trend that should be limited. Discuss both these views and give your opinion.
","General English Advanced","Colombian Spanish","C1","female","1992",""
"212f.txt","148","275","f","Some studies have shown that the main reason why people commit crimes is poverty.
To what extent do you agree with this? Are there any other factors that might influence crime in general?
","General English Advanced","Colombian Spanish","C1","male","1982",""
"213h.txt","170","266","h","The increase in mobile phone use in recent years has transformed the way we live and communicate with each other. Mobile phones can also be the cause of social or medical problems. Do you think the advantages of mobile phones outweigh the disadvantages? ","General English Advanced","Colombian Spanish","C1","female","1973",""
"214zb.txt","147","274","zb","What difficulties do people encounter when they are learning a foreign language? What can foreign language students do to overcome these difficulties? Discuss and give your opinion.","General English Advanced","Colombian Spanish","C1","male","1976",""
"215za.txt","150","272","za","Nowadays, many young people in developing countries decide to study abroad and never go back home. This puts pressure on the skilled workforce that these countries have. What can governments do to avoid this situation?  ","General English Advanced","Colombian Spanish","C1","female","1979",""
"216e.txt","134","249","e","Some psychologists have shown that our personality is determined by the characteristics we are born with as opposed to the experiences we have when we are growing up. Which do you consider to be the major influence?
","General English Advanced","Colombian Spanish","C1","female","1991",""
"217k.txt","158","282","k","Most people accept that we now live in a globalised world but not everyone agrees that this is beneficial.
To what extent is globalisation a positive or negative development?
","General English Advanced","Colombian Spanish","C1","genderfluid","1997",""
"218z.tx","141","234","z","As most people spend a major part of their adult life at work, job satisfaction is an important element of individual wellbeing. What factors contribute to job satisfaction? How realistic is the expectation of job satisfaction for all workers?","General English Advanced","Colombian Spanish","C1","female","1976",""
"219g.txt","128","276","g","Nowadays technology is increasingly being used to monitor what people are saying and doing. In many cases, the people being monitored are unaware that this is happening. Do you think the advantages of this development outweigh the disadvantages?
","General English Advanced","Colombian Spanish","C1","female","1988",""
"220l.txt","138","295","l","Some people believe that in a domestic context dogs are better pets than cats. Others believe the opposite.  
Discuss both these views and give your opinion.
","General English Advanced","Colombian Spanish","C1","female","1986",""
"221w.txt","116","238","w","Financial education should be a mandatory component of school programs. To what extent do you agree or disagree with this statement?","General English Intermediate","Colombian Spanish","B1","male","1974",""
"222j.txt","129","244","j","Some people think that genetic engineering is a positive development. Others believe that genetic engineering is a dangerous trend that should be limited. Discuss both these views and give your opinion.
","General English Advanced","Colombian Spanish","C1","female","1979",""
"223p.txt","177","294","p","In some countries people prefer renting their homes rather than buying them. What are the advantages and disadvantages of renting a home?","General English Advanced","Colombian Spanish","C1","male","1986",""
"224w.txt","174","410","w","Financial education should be a mandatory component of school programs. To what extent do you agree or disagree with this statement?","General English Advanced","Colombian Spanish","C1","female","1993",""
"225r.txt","153","272","r","Nowadays compulsory military conscription is declining worldwide. Some people say it should be abolished whilst others claim it is necessary. Discuss both views and give our opinion.","General English Advanced","Colombian Spanish","C1","female","1968",""
"226v.txt","144","290","v","Many people believe that social networking sites have a negative impact on both individuals and society. To what extent do you agree?","General English Advanced","Colombian Spanish","C1","female","1999",""
"227b.txt","184","334","b","In some countries young people are encouraged to take a gap year (to work or travel for a year) before starting their university studies. Discuss the advantages and disadvantages of this. 
","General English Advanced","Colombian Spanish","C1","male","1994",""
"228y.txt","163","297","y","Universities should accept equal numbers of male and female students in every subject.
To what extent do you agree or disagree?","General English Advanced","Colombian Spanish","C1","female","1989",""
"229u.txt","170","363","u","Some people say that rich countries should help poorer countries with food and education. Do you agree or disagree?","General English Advanced","Colombian Spanish","C1","male","1994",""
"230m.txt","135","290","m","Vaccines should be mandatory by law. Discuss","General English Pre-Intermediate","Colombian Spanish","A2","male","1994",""
"231zd.txt","159","358","zd","Some say that because many people are living much longer, the age at which people retire from work should be raised considerably. To what extent do you agree or disagree?","IELTS Preparation","Colombian Spanish","C1","male","1999",""
"232zd.txt","200","416","zd","Some say that because many people are living much longer, the age at which people retire from work should be raised considerably. To what extent do you agree or disagree?","IELTS Preparation","Colombian Spanish","C1","female","2003",""
"233zd.txt","169","285","zd","Some say that because many people are living much longer, the age at which people retire from work should be raised considerably. To what extent do you agree or disagree?","IELTS Preparation","Colombian Spanish","C1","male","1966",""
"234ze.txt","149","242","ze","Many people assume that the goal of every country should be to produce more materials and goods.
To what extent do you agree or disagree that constantly increasing production is an appropriate goal?","IELTS Preparation","Colombian Spanish","C1","male","1991",""
"235ze.txt","149","252","ze","Many people assume that the goal of every country should be to produce more materials and goods.
To what extent do you agree or disagree that constantly increasing production is an appropriate goal?","IELTS Preparation","Colombian Spanish","C1","female","1998",""
"236ze.txt","147","258","ze","Many people assume that the goal of every country should be to produce more materials and goods.
To what extent do you agree or disagree that constantly increasing production is an appropriate goal?","IELTS Preparation","Colombian Spanish","C1","female","1995",""
"237ze.txt","148","274","ze","Many people assume that the goal of every country should be to produce more materials and goods.
To what extent do you agree or disagree that constantly increasing production is an appropriate goal?","IELTS Preparation","Colombian Spanish","C1","male","1993",""
"238ze.txt","157","273","ze","Many people assume that the goal of every country should be to produce more materials and goods.
To what extent do you agree or disagree that constantly increasing production is an appropriate goal?","IELTS Preparation","Colombian Spanish","C1","female","1997",""
"239ze.txt","113","252","ze","Many people assume that the goal of every country should be to produce more materials and goods.
To what extent do you agree or disagree that constantly increasing production is an appropriate goal?","IELTS Preparation","Colombian Spanish","C1","female","1984",""
"240ze.txt","120","235","ze","Many people assume that the goal of every country should be to produce more materials and goods.
To what extent do you agree or disagree that constantly increasing production is an appropriate goal?","IELTS Preparation","Colombian Spanish","C1","female","1977",""
"241zd.txt","113","248","zd","Some say that because many people are living much longer, the age at which people retire from work should be raised considerably. To what extent do you agree or disagree?","General English Advanced","Colombian Spanish","C1","female","1997",""
"242zd.txt","139","256","zd","Some say that because many people are living much longer, the age at which people retire from work should be raised considerably. To what extent do you agree or disagree?","General English Advanced","Colombian Spanish","C1","female","1984",""
"243zd.txt","202","397","zd","Some say that because many people are living much longer, the age at which people retire from work should be raised considerably. To what extent do you agree or disagree?","IELTS Preparation","Colombian Spanish","C1","male","1980",""
"244zd.txt","146","275","zd","Some say that because many people are living much longer, the age at which people retire from work should be raised considerably. To what extent do you agree or disagree?","IELTS Preparation","Colombian Spanish","C1","female","1993",""
"245ze.txt","121","253","ze","Many people assume that the goal of every country should be to produce more materials and goods.
To what extent do you agree or disagree that constantly increasing production is an appropriate goal?","IELTS Preparation","Colombian Spanish","C1","female","1998",""
"246k.txt","167","332","k","Most people accept that we now live in a globalised world but not everyone agrees that this is beneficial.
To what extent is globalisation a positive or negative development?
","General English Upper-Intermediate","Colombian Spanish","B2","male","1961",""
"247k.txt","138","269","k","Most people accept that we now live in a globalised world but not everyone agrees that this is beneficial.
To what extent is globalisation a positive or negative development?
","General English Upper-Intermediate","Colombian Spanish","B2","male","1999",""
"248k.txt","148","256","k","Most people accept that we now live in a globalised world but not everyone agrees that this is beneficial.
To what extent is globalisation a positive or negative development?
","General English Upper-Intermediate","Colombian Spanish","B2","female","1985",""
"249j.txt","136","273","j","Some people think that genetic engineering is a positive development. Others believe that genetic engineering is a dangerous trend that should be limited. Discuss both these views and give your opinion.
","General English Advanced","Colombian Spanish","C1","female","1979",""
"250f.txt","143","234","f","Some studies have shown that the main reason why people commit crimes is poverty.
To what extent do you agree with this? Are there any other factors that might influence crime in general?
","General English Intermediate","Colombian Spanish","B1","male","1971",""
"251f.txt","149","273","f","Some studies have shown that the main reason why people commit crimes is poverty.
To what extent do you agree with this? Are there any other factors that might influence crime in general?
","General English Intermediate","Colombian Spanish","B1","female","1981",""
"252u.txt","138","260","u","Some people say that rich countries should help poorer countries with food and education. Do you agree or disagree?","General English Intermediate","Colombian Spanish","B1","female","1999",""
"253s.txt","136","255","s","An increasing number of professionals in developing nations are leaving their own countries to work in developed countries. What problems does this cause? What can be done to remedy this situation?","General English Intermediate","Colombian Spanish","B1","female","1994",""
"254s.txt","204","459","s","An increasing number of professionals in developing nations are leaving their own countries to work in developed countries. What problems does this cause? What can be done to remedy this situation?","General English Intermediate","Colombian Spanish","B1","male","2004",""
"255t.txt","139","277","t","Both government and individuals are spending vast amounts of money protecting animals and their habitats. This money could be better spent dealing with fundamental issues in society such as poverty and health care. To what extent do you agree?","General English Intermediate","Colombian Spanish","B1","female","1998",""
"256u.txt","147","288","u","Some people say that rich countries should help poorer countries with food and education. Do you agree or disagree?","General English Intermediate","Colombian Spanish","B1","male","2004",""
"257t.txt","116","251","t","Both government and individuals are spending vast amounts of money protecting animals and their habitats. This money could be better spent dealing with fundamental issues in society such as poverty and health care. To what extent do you agree?","General English Intermediate","Colombian Spanish","B1","female","2003",""
"258s.txt","125","335","s","An increasing number of professionals in developing nations are leaving their own countries to work in developed countries. What problems does this cause? What can be done to remedy this situation?","General English Intermediate","Colombian Spanish","B1","male","1982",""
"259s.txt","138","264","s","An increasing number of professionals in developing nations are leaving their own countries to work in developed countries. What problems does this cause? What can be done to remedy this situation?","General English Intermediate","Colombian Spanish","B1","female","1989",""
"260u.txt","108","201","u","Some people say that rich countries should help poorer countries with food and education. Do you agree or disagree?","General English Intermediate","Colombian Spanish","B1","female","2001",""
"261u.txt","152","314","u","Some people say that rich countries should help poorer countries with food and education. Do you agree or disagree?","General English Intermediate","Colombian Spanish","B1","female","1979",""
"262u.txt","152","317","u","Some people say that rich countries should help poorer countries with food and education. Do you agree or disagree?","General English Intermediate","Colombian Spanish","B1","female","2000",""
"263s.tx","122","240","s","An increasing number of professionals in developing nations are leaving their own countries to work in developed countries. What problems does this cause? What can be done to remedy this situation?","General English Intermediate","Colombian Spanish","B1","female","1999",""
"264t.txt","106","255","t","Both government and individuals are spending vast amounts of money protecting animals and their habitats. This money could be better spent dealing with fundamental issues in society such as poverty and health care. To what extent do you agree?","General English Intermediate","Colombian Spanish","B1","male","1975",""
"265u.txt","130","286","u","Some people say that rich countries should help poorer countries with food and education. Do you agree or disagree?","General English Intermediate","Colombian Spanish","B1","male","1993",""
"266s.txt","158","300","s","An increasing number of professionals in developing nations are leaving their own countries to work in developed countries. What problems does this cause? What can be done to remedy this situation?","General English Intermediate","Colombian Spanish","B1","male","1993",""
"267y.txt","152","315","y","Universities should accept equal numbers of male and female students in every subject.
To what extent do you agree or disagree?","General English Intermediate","Colombian Spanish","B1","female","1969",""
"268g.txt","227","397","g","Nowadays technology is increasingly being used to monitor what people are saying and doing. In many cases, the people being monitored are unaware that this is happening. Do you think the advantages of this development outweigh the disadvantages?
","General English Intermediate","Colombian Spanish","B1","male","1967",""
"269k.txt","171","309","k","Most people accept that we now live in a globalised world but not everyone agrees that this is beneficial.
To what extent is globalisation a positive or negative development?
","General English Intermediate","Colombian Spanish","B1","male","1955",""
"270a.txt","164","319","a","In many countries certain jobs are associated with specific genders. Some research studies have demonstrated that women are more skilled at driving than men, so jobs that involve driving vehicles should be exclusively done by women. To what extent do you agree or disagree?
","General English Intermediate","Colombian Spanish","B1","male","2000",""
"271t.txt","124","220","t","Both government and individuals are spending vast amounts of money protecting animals and their habitats. This money could be better spent dealing with fundamental issues in society such as poverty and health care. To what extent do you agree?","General English Intermediate","Colombian Spanish","B1","female","1981",""
"272f.txt","157","277","f","Some studies have shown that the main reason why people commit crimes is poverty.
To what extent do you agree with this? Are there any other factors that might influence crime in general?
","General English Advanced","Colombian Spanish","C1","female","1999",""
"","","","","","","","","","",""
"","","","","","","","","","",""
"","","","Essay type/topic","Essay question","","","","","",""
"","","","a","In many countries certain jobs are associated with specific genders. Some research studies have demonstrated that women are more skilled at driving than men, so jobs that involve driving vehicles should be exclusively done by women. To what extent do you agree or disagree?
","","","","","",""
"","","","b","In some countries young people are encouraged to take a gap year (to work or travel for a year) before starting their university studies. Discuss the advantages and disadvantages of this. 
","","","","","",""
"","","","c","Some people think that children should be encouraged to use information technology as part of their education. Others believe that technology hinders children’s ability to learn. Discuss both these views and give your opinion.
","","","","","",""
"","","","d","Research has shown that ‘human activity has become the greatest threat to our planet’.  
Why do you think this has happened? How can humans reduce their impact on the natural world?
","","","","","",""
"","","","e","Some psychologists have shown that our personality is determined by the characteristics we are born with as opposed to the experiences we have when we are growing up. Which do you consider to be the major influence?
","","","","","",""
"","","","f","Some studies have shown that the main reason why people commit crimes is poverty.
To what extent do you agree with this? Are there any other factors that might influence crime in general?
","","","","","",""
"","","","g","Nowadays technology is increasingly being used to monitor what people are saying and doing. In many cases, the people being monitored are unaware that this is happening. Do you think the advantages of this development outweigh the disadvantages?
","","","","","",""
"","","","h","The increase in mobile phone use in recent years has transformed the way we live and communicate with each other. Mobile phones can also be the cause of social or medical problems. Do you think the advantages of mobile phones outweigh the disadvantages? ","","","","","",""
"","","","i","The responsibility of bringing up children should be shared equally between mother and father. 
To what extent do you agree or disagree?
","","","","","",""
"","","","j","Some people think that genetic engineering is a positive development. Others believe that genetic engineering is a dangerous trend that should be limited. Discuss both these views and give your opinion.
","","","","","",""
"","","","k","Most people accept that we now live in a globalised world but not everyone agrees that this is beneficial.
To what extent is globalisation a positive or negative development?
","","","","","",""
"","","","l","Some people believe that in a domestic context dogs are better pets than cats. Others believe the opposite.  
Discuss both these views and give your opinion.
","","","","","",""
"","","","m","Vaccines should be mandatory by law. Discuss","","","","","",""
"","","","n","Traffic is a big problem in Bogota. Some say the solution is building a metro and others say we should expand the Transmilenio network instead. Discuss both views and give your opinion. ","","","","","",""
"","","","o","Statistics show that Covid-19 is threatening the health of human beings worldwide and the virus is spreading rapidly.  
Why do you think this is happening? How can humans reduce the negative impact this virus is causing?","","","","","",""
"","","","p","In some countries people prefer renting their homes rather than buying them. What are the advantages and disadvantages of renting a home?","","","","","",""
"","","","q","Completing university education is thought by some to be the best way to get a good job. On the other hand, other people think that getting experience and developing soft skills is more important. Discuss both sides and give your opinion.","","","","","",""
"","","","r","Nowadays compulsory military conscription is declining worldwide. Some people say it should be abolished whilst others claim it is necessary. Discuss both views and give our opinion.","","","","","",""
"","","","s","An increasing number of professionals in developing nations are leaving their own countries to work in developed countries. What problems does this cause? What can be done to remedy this situation?","","","","","",""
"","","","t","Both government and individuals are spending vast amounts of money protecting animals and their habitats. This money could be better spent dealing with fundamental issues in society such as poverty and health care. To what extent do you agree?","","","","","",""
"","","","u","Some people say that rich countries should help poorer countries with food and education. Do you agree or disagree?","","","","","",""
"","","","v","Many people believe that social networking sites have a negative impact on both individuals and society. To what extent do you agree?","","","","","",""
"","","","w","Financial education should be a mandatory component of school programs. To what extent do you agree or disagree with this statement?","","","","","",""
"","","","x","Some people think that a sense of competition in children should be encouraged. Others believe that children who are taught to co-operate rather than compete become more useful adults. Discuss both these views and give your own opinion.","","","","","",""
"","","","y","Universities should accept equal numbers of male and female students in every subject.
To what extent do you agree or disagree?","","","","","",""
"","","","z","As most people spend a major part of their adult life at work, job satisfaction is an important element of individual wellbeing. What factors contribute to job satisfaction? How realistic is the expectation of job satisfaction for all workers?","","","","","",""
"","","","za","Nowadays, many young people in developing countries decide to study abroad and never go back home. This puts pressure on the skilled workforce that these countries have. What can governments do to avoid this situation?  ","","","","","",""
"","","","zb","What difficulties do people encounter when they are learning a foreign language? What can foreign language students do to overcome these difficulties? Discuss and give your opinion.","","","","","",""
"","","","zc","There are too many reality shows on TV nowadays. Do you agree or disagree?","","","","","",""
"","","","zd","Some say that because many people are living much longer, the age at which people retire from work should be raised considerably. To what extent do you agree or disagree?","","","","","",""
"","","","ze","Many people assume that the goal of every country should be to produce more materials and goods.
To what extent do you agree or disagree that constantly increasing production is an appropriate goal?","","","","","",""
